member_id,member_name
101,John Doe
102,Jane Smith
103,Michael Brown
104,Emily Johnson
105,William Davis
106,Olivia Garcia
107,Robert Martinez
108,Sophia Hernandez
109,Ethan Wilson
110,Avery Anderson
111,Alexander Thompson
112,Aubrey Perez
113,Isabella Ramirez
114,Noah Turner
115,Avery Bailey
116,Evelyn Cooper
117,Matthew Reed
118,Sofia Kelly
119,Logan Gonzalez
120,Chloe Davis
121,Anthony Parker
122,Grace Baker
123,Nicholas Rodriguez
124,Bella Clark
125,David Lewis
126,Lillian Wright
127,Christopher Mitchell
128,Lila Adams
129,Jackson Mitchell
130,Scarlett Lewis
131,William Lee
132,Hazel Scott
133,Benjamin Green
134,Stella Davis
135,Joseph Allen
136,Penelope Cook
137,Mason White
138,Mila Wright
139,Jameson Adams
140,Harper Morris
141,William Cooper
142,Madison Flores
143,Andrew Ross
144,Lucy Turner
145,Lincoln Hernandez
146,Aria Garcia
147,Grayson Taylor
148,Eleanor Sanchez
149,Christian Lee
150,Caroline King
151,Elijah Williams
152,Mia Lee
